NameofShow,TimeBway,ShowType,TonyNoms,Genre,Past,YearOpened
Mamma Mia,168,Musical,5,Comedy,New,2001
A Chorus Line,180,Musical,12,Drama,New,1975
Spongebob,24,Musical,12,Comedy,Adaptation,2016
Avenue Q,72,Musical,6,Comedy,New,2003
Deathtrap,48,Play,4,Comedy,New,1978
The Glass Menagerie ,17,Play,0,Drama,New,1945
Fiddler On the Roof ,96,Musical,10,Drama,Adaptation,1964
The Prom ,10,Musical,6,Comedy,New,2018
The Cher Show,9,Musical,3,Drama,New,2018
Kinky Boots,73,Musical,13,Comedy,Adaptation,2013
Chicago (Revival),80,Musical,8,Comedy,Revival,1996
Be More Chill,5,Musical,1,Comedy,Adaptation,2015
The Color Purple,26,Musical,10,Drama,Adaptation,2003
Fences ,15,Play,5,Drama,New,1987
Evita,48,Musical,3,Drama,New,1978
Rent,144,Musical,10,Drama,New,1996
Mean Girls,33,Musical,12,Comedy,Adaptation,2018
The Wiz,48,Musical,8,Drama,Adaptation,1975
9 to 5 The Musical,7,Musical,4,Drama,Adaptation,2008
Spring Awakening,25,Play,11,Drama,Adaptation,2006
Something Rotten,20,Musical,10,Comedy,New,2015
Choir Boy,3,Play,4,Drama,Revival,2019
Book of Mormon,110,Musical,7,Drama,New,2011
Aida,53,Musical,3,Drama,New,2000
An American In Paris,21,Musical,12,Drama,Adaptation,2015
August: Osage County,1,Play,7,Drama,Adaptation,2008
Bring it On,1,Musical,3,Comedy,Adaptation,2012
The Bridges... County,3,Musical,4,Drama,Adaptation,2014
110 in the Shade (2007),3,Musical,5,Drama,Revival,2007
Oedipus Rex,1,Play,n/a,Drama,Revival,1946
My Fair Lady ('81),3,Musical,1,Comedy,Adaptation,1981
Jane Eyre,18,Musical,5,Drama,Adaptation,2000
Head Over Heels,6,Musical,0,Comedy,New,2018
How to Succeed... Trying,41,Musical,8,Comedy,New,1961
Anastasia,24,Musical,2,Comedy,Adaptation,2017
Pipe Dream,150,Musical,9,Drama,Adaptation,1994
What the Constitution...Me,5,Play,2,Drama,Adaptation,2019
Finding Neverland,17,Musial,0,Drama,2017,2015
A Raisin in the Sun,15,Play,4,Drama,New,1958
"Kiss Me, Kate (2019)",3,Musical,4,Comedy,Revival,2019
A Little Night Music,17,Musical,11,Drama,New,1973
Pipe Dream,8,Musical,9,Drama,New,1955
Merrily We Roll Along,1,Musical,1,Comedy,New,1981
Proof,27,Play,6,Drama,New,2000
In the Heights,35,Musical,13,Drama,New,2008
Anyone Can Whistle,1,Musical,1,Comedy,New,1964
You Can't Take ... You ('14),5,Musical,5,Comedy,Revival,2014
"A Doll's House, Part 2",5,Play,8,Drama,New,2017
The Addams Family,21,Musical,2,Comedy,New,2010
Caberet (1987),8,Musical,3,Drama,Revival,1987
The Merchant/Venice ('10),3,Play,7,Drama,Revival,2010
Arsenic and Old Lace,42,Play,n/a,Comedy,New,1941
